{"format": "layers-model", "generatedBy": "keras v2.3.0-tf", "convertedBy": "TensorFlow.js Converter v2.0.0", "modelTopology": {"keras_version": "2.3.0-tf", "backend": "tensorflow", "model_config": {"class_name": "Model", "config": {"name": "model", "layers": [{"class_name": "InputLayer", "config": {"batch_input_shape": [null, 3, 3], "dtype": "float32", "sparse": false, "ragged": false, "name": "input_3"}, "name": "input_3", "inbound_nodes": []}, {"class_name": "Flatten", "config": {"name": "flatten_2", "trainable": true, "dtype": "float32", "data_format": "channels_last"}, "name": "flatten_2", "inbound_nodes": [[["input_3", 0, 0, {}]]]}, {"class_name": "Dense", "config": {"name": "dense_7", "trainable": true, "dtype": "float32", "units": 128, "activation": "sigmoid", "use_bias": true, "kernel_initializer": {"class_name": "GlorotUniform", "config": {"seed": null}}, "bias_initializer": {"class_name": "Zeros", "config": {}}, "kernel_regularizer": null, "bias_regularizer": null, "activity_regularizer": null, "kernel_constraint": null, "bias_constraint": null}, "name": "dense_7", "inbound_nodes": [[["flatten_2", 0, 0, {}]]]}, {"class_name": "Dropout", "config": {"name": "dropout_5", "trainable": true, "dtype": "float32", "rate": 0.3, "noise_shape": null, "seed": null}, "name": "dropout_5", "inbound_nodes": [[["dense_7", 0, 0, {}]]]}, {"class_name": "Dense", "config": {"name": "dense_8", "trainable": true, "dtype": "float32", "units": 128, "activation": "sigmoid", "use_bias": true, "kernel_initializer": {"class_name": "GlorotUniform", "config": {"seed": null}}, "bias_initializer": {"class_name": "Zeros", "config": {}}, "kernel_regularizer": null, "bias_regularizer": null, "activity_regularizer": null, "kernel_constraint": null, "bias_constraint": null}, "name": "dense_8", "inbound_nodes": [[["dropout_5", 0, 0, {}]]]}, {"class_name": "Dropout", "config": {"name": "dropout_6", "trainable": true, "dtype": "float32", "rate": 0.3, "noise_shape": null, "seed": null}, "name": "dropout_6", "inbound_nodes": [[["dense_8", 0, 0, {}]]]}, {"class_name": "Dense", "config": {"name": "dense_9", "trainable": true, "dtype": "float32", "units": 128, "activation": "sigmoid", "use_bias": true, "kernel_initializer": {"class_name": "GlorotUniform", "config": {"seed": null}}, "bias_initializer": {"class_name": "Zeros", "config": {}}, "kernel_regularizer": null, "bias_regularizer": null, "activity_regularizer": null, "kernel_constraint": null, "bias_constraint": null}, "name": "dense_9", "inbound_nodes": [[["dropout_6", 0, 0, {}]]]}, {"class_name": "Dropout", "config": {"name": "dropout_7", "trainable": true, "dtype": "float32", "rate": 0.3, "noise_shape": null, "seed": null}, "name": "dropout_7", "inbound_nodes": [[["dense_9", 0, 0, {}]]]}, {"class_name": "Dense", "config": {"name": "dense_10", "trainable": true, "dtype": "float32", "units": 1, "activation": "sigmoid", "use_bias": true, "kernel_initializer": {"class_name": "GlorotUniform", "config": {"seed": null}}, "bias_initializer": {"class_name": "Zeros", "config": {}}, "kernel_regularizer": null, "bias_regularizer": null, "activity_regularizer": null, "kernel_constraint": null, "bias_constraint": null}, "name": "dense_10", "inbound_nodes": [[["dropout_7", 0, 0, {}]]]}], "input_layers": [["input_3", 0, 0]], "output_layers": [["dense_10", 0, 0]]}}, "training_config": {"loss": "mean_squared_error", "metrics": null, "weighted_metrics": null, "loss_weights": null, "sample_weight_mode": null, "optimizer_config": {"class_name": "Adam", "config": {"name": "Adam", "learning_rate": 0.009999999776482582, "decay": 0.0, "beta_1": 0.8999999761581421, "beta_2": 0.9990000128746033, "epsilon": 1e-07, "amsgrad": false}}}}, "weightsManifest": [{"paths": ["group1-shard1of1.bin"], "weights": [{"name": "dense_10/kernel", "shape": [128, 1], "dtype": "float32"}, {"name": "dense_10/bias", "shape": [1], "dtype": "float32"}, {"name": "dense_7/kernel", "shape": [9, 128], "dtype": "float32"}, {"name": "dense_7/bias", "shape": [128], "dtype": "float32"}, {"name": "dense_8/kernel", "shape": [128, 128], "dtype": "float32"}, {"name": "dense_8/bias", "shape": [128], "dtype": "float32"}, {"name": "dense_9/kernel", "shape": [128, 128], "dtype": "float32"}, {"name": "dense_9/bias", "shape": [128], "dtype": "float32"}]}]}